id,group,pre,post
S01,control,98.466055665791,106.70508241548521
S02,control,104.39774471443248,89.09030436663849
S03,control,105.13377317453057,123.6723040620566
S04,control,92.42574147361992,70.70177553873127
S05,control,123.53268368498492,124.95525663139443
S06,exp,97.48675517809747,101.6169652007281
S07,exp,87.7559369956897,126.30077165335845
S08,exp,77.15375041418466,72.3122939649002
S09,exp,97.00282887006009,108.80713319916795
S10,exp,102.32337996183416,113.7473165066511
